序号,图片比例,分辨率,图片尺寸,提示词,输入Token量,输出Token量,总Token量,质量参数,估算金额USD,控制台实际花费,控制台Quota,请求时长秒,请求时长,生成文件大小Bytes,生成文件大小,图片文件,修订提示词,状态,错误
1,1:1,1K,1024x1024,"A cinematic wide-angle view of a futuristic floating city above a calm ocean at sunset, with layered glass towers, suspended gardens, small transport pods moving between buildings, people walking across transparent sky bridges, reflections shimmering on the water below, orange and violet clouds in the sky, intricate architectural details, realistic lighting, atmospheric haze, and a balanced composition.",75,1756,1831,自动,0.052680,0.053056,26528,236,3m 56s,2045443,1.95 MB,data/floating-city/images/001_1-1_1K_1024x1024_auto.png,"A cinematic wide-angle view of a futuristic floating city above a calm ocean at sunset, with layered glass towers, suspended gardens, small transport pods moving between buildings, people walking across transparent sky bridges, reflections shimmering on the water below, orange and violet clouds in the sky, intricate architectural details, realistic lighting, atmospheric haze, and a balanced composition.",ok,
2,1:1,1K,1024x1024,"A cinematic wide-angle view of a futuristic floating city above a calm ocean at sunset, with layered glass towers, suspended gardens, small transport pods moving between buildings, people walking across transparent sky bridges, reflections shimmering on the water below, orange and violet clouds in the sky, intricate architectural details, realistic lighting, atmospheric haze, and a balanced composition.",96,1756,1852,低,0.052680,0.053160,26580,63,1m 3s,1945326,1.86 MB,data/floating-city/images/002_1-1_1K_1024x1024_low.png,"A cinematic wide-angle view of a futuristic floating city above a calm ocean at sunset, with layered glass towers, suspended gardens, small transport pods moving between buildings, people walking across transparent sky bridges, reflections shimmering on the water below, orange and violet clouds in the sky, intricate architectural details, realistic lighting, atmospheric haze, and a balanced composition. High detail, photorealistic, dramatic yet serene, expansive horizon, immersive sci-fi cityscape.",ok,
3,1:1,1K,1024x1024,"A cinematic wide-angle view of a futuristic floating city above a calm ocean at sunset, with layered glass towers, suspended gardens, small transport pods moving between buildings, people walking across transparent sky bridges, reflections shimmering on the water below, orange and violet clouds in the sky, intricate architectural details, realistic lighting, atmospheric haze, and a balanced composition.",112,7024,7136,中,0.210720,0.211280,105640,209,3m 29s,1971604,1.88 MB,data/floating-city/images/003_1-1_1K_1024x1024_medium.png,"Cinematic wide-angle view of a futuristic floating city above a calm ocean at sunset. Layered glass towers with intricate architectural details rise from floating platforms, suspended gardens woven between structures, and small transport pods moving between buildings. People walk across transparent sky bridges. The water below reflects the city and sunset sky with shimmering highlights. Orange and violet clouds fill the sky, with realistic lighting, atmospheric haze, and a balanced composition. Ultra-detailed, photorealistic, expansive sci-fi cityscape, cinematic depth, high dynamic range.",ok,
4,1:1,1K,1024x1024,"A cinematic wide-angle view of a futuristic floating city above a calm ocean at sunset, with layered glass towers, suspended gardens, small transport pods moving between buildings, people walking across transparent sky bridges, reflections shimmering on the water below, orange and violet clouds in the sky, intricate architectural details, realistic lighting, atmospheric haze, and a balanced composition.",110,1756,1866,高,0.052680,0.053230,26615,64,1m 4s,2047065,1.95 MB,data/floating-city/images/004_1-1_1K_1024x1024_high.png,"Cinematic wide-angle view of a futuristic floating city above a calm ocean at sunset. Layered glass towers rise from multiple floating platforms, integrated suspended gardens with lush greenery, small sleek transport pods moving between buildings, and people walking across transparent sky bridges. The water below reflects the city lights and sunset colors with shimmering highlights. Orange and violet clouds fill the sky, with intricate architectural details, realistic lighting, atmospheric haze, and a balanced, visually compelling composition. Ultra-detailed, photorealistic, cinematic concept art.",ok,
5,1:1,2K,2048x2048,"A cinematic wide-angle view of a futuristic floating city above a calm ocean at sunset, with layered glass towers, suspended gardens, small transport pods moving between buildings, people walking across transparent sky bridges, reflections shimmering on the water below, orange and violet clouds in the sky, intricate architectural details, realistic lighting, atmospheric haze, and a balanced composition.",75,3568,3643,自动,0.107040,0.107416,53708,75,1m 15s,7307399,6.97 MB,data/floating-city/images/005_1-1_2K_2048x2048_auto.png,"A cinematic wide-angle view of a futuristic floating city above a calm ocean at sunset, with layered glass towers, suspended gardens, small transport pods moving between buildings, people walking across transparent sky bridges, reflections shimmering on the water below, orange and violet clouds in the sky, intricate architectural details, realistic lighting, atmospheric haze, and a balanced composition.",ok,
6,1:1,2K,2048x2048,"A cinematic wide-angle view of a futuristic floating city above a calm ocean at sunset, with layered glass towers, suspended gardens, small transport pods moving between buildings, people walking across transparent sky bridges, reflections shimmering on the water below, orange and violet clouds in the sky, intricate architectural details, realistic lighting, atmospheric haze, and a balanced composition.",75,3568,3643,低,0.107040,0.107416,53708,75,1m 15s,6954590,6.63 MB,data/floating-city/images/006_1-1_2K_2048x2048_low.png,"A cinematic wide-angle view of a futuristic floating city above a calm ocean at sunset, with layered glass towers, suspended gardens, small transport pods moving between buildings, people walking across transparent sky bridges, reflections shimmering on the water below, orange and violet clouds in the sky, intricate architectural details, realistic lighting, atmospheric haze, and a balanced composition.",ok,
7,1:1,2K,2048x2048,"A cinematic wide-angle view of a futuristic floating city above a calm ocean at sunset, with layered glass towers, suspended gardens, small transport pods moving between buildings, people walking across transparent sky bridges, reflections shimmering on the water below, orange and violet clouds in the sky, intricate architectural details, realistic lighting, atmospheric haze, and a balanced composition.",85,3568,3653,中,0.107040,0.107466,53733,191,3m 11s,7459403,7.11 MB,data/floating-city/images/007_1-1_2K_2048x2048_medium.png,"Cinematic wide-angle view of a futuristic floating city above a calm ocean at sunset, with layered glass towers, suspended gardens, small transport pods moving between buildings, people walking across transparent sky bridges, reflections shimmering on the water below, orange and violet clouds in the sky, intricate architectural details, realistic lighting, atmospheric haze, balanced composition, highly detailed, photorealistic, dramatic yet serene.",ok,
8,1:1,2K,2048x2048,"A cinematic wide-angle view of a futuristic floating city above a calm ocean at sunset, with layered glass towers, suspended gardens, small transport pods moving between buildings, people walking across transparent sky bridges, reflections shimmering on the water below, orange and violet clouds in the sky, intricate architectural details, realistic lighting, atmospheric haze, and a balanced composition.",75,3568,3643,高,0.107040,0.107416,53708,78,1m 18s,6843329,6.53 MB,data/floating-city/images/008_1-1_2K_2048x2048_high.png,"A cinematic wide-angle view of a futuristic floating city above a calm ocean at sunset, with layered glass towers, suspended gardens, small transport pods moving between buildings, people walking across transparent sky bridges, reflections shimmering on the water below, orange and violet clouds in the sky, intricate architectural details, realistic lighting, atmospheric haze, and a balanced composition.",ok,
9,1:1,4K,2880x2880,"A cinematic wide-angle view of a futuristic floating city above a calm ocean at sunset, with layered glass towers, suspended gardens, small transport pods moving between buildings, people walking across transparent sky bridges, reflections shimmering on the water below, orange and violet clouds in the sky, intricate architectural details, realistic lighting, atmospheric haze, and a balanced composition.",101,5930,6031,自动,0.177900,0.178406,89203,87,1m 27s,12402211,11.83 MB,data/floating-city/images/009_1-1_4K_2880x2880_auto.png,"Cinematic wide-angle view of a futuristic floating city above a calm ocean at sunset. Layered glass towers rise from hovering platforms, with suspended gardens cascading between structures. Small sleek transport pods move between buildings. People walk across transparent sky bridges. Sunlight creates reflections shimmering on the water below. The sky is filled with orange and violet clouds. Intricate architectural details, realistic lighting, atmospheric haze, balanced composition, ultra-detailed, photorealistic sci-fi concept art.",ok,
10,1:1,4K,2880x2880,"A cinematic wide-angle view of a futuristic floating city above a calm ocean at sunset, with layered glass towers, suspended gardens, small transport pods moving between buildings, people walking across transparent sky bridges, reflections shimmering on the water below, orange and violet clouds in the sky, intricate architectural details, realistic lighting, atmospheric haze, and a balanced composition.",83,5930,6013,低,0.177900,0.178316,89158,92,1m 32s,12365376,11.79 MB,data/floating-city/images/010_1-1_4K_2880x2880_low.png,"Cinematic wide-angle view of a futuristic floating city above a calm ocean at sunset, with layered glass towers, suspended gardens, small transport pods moving between buildings, people walking across transparent sky bridges, reflections shimmering on the water below, orange and violet clouds in the sky, intricate architectural details, realistic lighting, atmospheric haze, balanced composition, highly detailed, photorealistic, expansive scene",ok,
11,1:1,4K,2880x2880,"A cinematic wide-angle view of a futuristic floating city above a calm ocean at sunset, with layered glass towers, suspended gardens, small transport pods moving between buildings, people walking across transparent sky bridges, reflections shimmering on the water below, orange and violet clouds in the sky, intricate architectural details, realistic lighting, atmospheric haze, and a balanced composition.",86,5930,6016,中,0.177900,0.178330,89165,242,4m 2s,12388733,11.81 MB,data/floating-city/images/011_1-1_4K_2880x2880_medium.png,"A cinematic wide-angle view of a futuristic floating city above a calm ocean at sunset, with layered glass towers, suspended gardens, small transport pods moving between buildings, people walking across transparent sky bridges, reflections shimmering on the water below, orange and violet clouds in the sky, intricate architectural details, realistic lighting, atmospheric haze, balanced composition, highly detailed, photorealistic, dramatic yet serene atmosphere.",ok,
12,1:1,4K,2880x2880,"A cinematic wide-angle view of a futuristic floating city above a calm ocean at sunset, with layered glass towers, suspended gardens, small transport pods moving between buildings, people walking across transparent sky bridges, reflections shimmering on the water below, orange and violet clouds in the sky, intricate architectural details, realistic lighting, atmospheric haze, and a balanced composition.",102,5930,6032,高,0.177900,0.178410,89205,93,1m 33s,12484607,11.91 MB,data/floating-city/images/012_1-1_4K_2880x2880_high.png,"Cinematic wide-angle view of a futuristic floating city above a calm ocean at sunset. Layered glass towers rise from floating platforms, with suspended gardens draping between structures. Small transport pods move between buildings. People walk across transparent sky bridges. Shimmering reflections dance on the water below. Orange and violet clouds fill the sky. Intricate architectural details throughout, realistic lighting, atmospheric haze, balanced composition, ultra-detailed, photorealistic, cinematic, wide-angle perspective.",ok,
13,3:2,1K,1536x1024,"A cinematic wide-angle view of a futuristic floating city above a calm ocean at sunset, with layered glass towers, suspended gardens, small transport pods moving between buildings, people walking across transparent sky bridges, reflections shimmering on the water below, orange and violet clouds in the sky, intricate architectural details, realistic lighting, atmospheric haze, and a balanced composition.",82,5488,5570,自动,0.164640,0.165050,82525,146,2m 26s,3068923,2.93 MB,data/floating-city/images/013_3-2_1K_1536x1024_auto.png,"Cinematic wide-angle view of a futuristic floating city above a calm ocean at sunset, with layered glass towers, suspended gardens, small transport pods moving between buildings, people walking across transparent sky bridges, reflections shimmering on the water below, orange and violet clouds in the sky, intricate architectural details, realistic lighting, atmospheric haze, balanced composition, highly detailed, photorealistic concept art",ok,
14,3:2,1K,1536x1024,"A cinematic wide-angle view of a futuristic floating city above a calm ocean at sunset, with layered glass towers, suspended gardens, small transport pods moving between buildings, people walking across transparent sky bridges, reflections shimmering on the water below, orange and violet clouds in the sky, intricate architectural details, realistic lighting, atmospheric haze, and a balanced composition.",109,5488,5597,低,0.164640,0.165186,82593,151,2m 31s,2926980,2.79 MB,data/floating-city/images/014_3-2_1K_1536x1024_low.png,"Cinematic wide-angle view of a futuristic floating city above a calm ocean at sunset. Layered glass towers rise from hovering platforms, with suspended gardens and lush greenery woven between structures. Small transport pods move between buildings on elegant pathways. People walk across transparent sky bridges, visible in silhouette and detail. The ocean below reflects the city and sunset with shimmering highlights. Sky filled with orange and violet clouds, atmospheric haze, realistic lighting, intricate architectural details, balanced composition, highly detailed, photorealistic, cinematic scale.",ok,
15,3:2,1K,1536x1024,"A cinematic wide-angle view of a futuristic floating city above a calm ocean at sunset, with layered glass towers, suspended gardens, small transport pods moving between buildings, people walking across transparent sky bridges, reflections shimmering on the water below, orange and violet clouds in the sky, intricate architectural details, realistic lighting, atmospheric haze, and a balanced composition.",97,5488,5585,中,0.164640,0.165126,82563,142,2m 22s,2825929,2.70 MB,data/floating-city/images/015_3-2_1K_1536x1024_medium.png,"Cinematic wide-angle view of a futuristic floating city above a calm ocean at sunset. Layered glass towers rise from hovering platforms, with suspended gardens cascading between structures. Small transport pods move between buildings, and people walk across transparent sky bridges. The ocean below reflects shimmering lights and the city silhouette. Sky filled with orange and violet clouds, realistic lighting, atmospheric haze, intricate architectural details, balanced composition, highly detailed, photorealistic, cinematic atmosphere.",ok,
16,3:2,1K,1536x1024,"A cinematic wide-angle view of a futuristic floating city above a calm ocean at sunset, with layered glass towers, suspended gardens, small transport pods moving between buildings, people walking across transparent sky bridges, reflections shimmering on the water below, orange and violet clouds in the sky, intricate architectural details, realistic lighting, atmospheric haze, and a balanced composition.",75,1372,1447,高,0.041160,0.041536,20768,66,1m 6s,3097349,2.95 MB,data/floating-city/images/016_3-2_1K_1536x1024_high.png,"A cinematic wide-angle view of a futuristic floating city above a calm ocean at sunset, with layered glass towers, suspended gardens, small transport pods moving between buildings, people walking across transparent sky bridges, reflections shimmering on the water below, orange and violet clouds in the sky, intricate architectural details, realistic lighting, atmospheric haze, and a balanced composition.",ok,
17,3:2,2K,2048x1360,"A cinematic wide-angle view of a futuristic floating city above a calm ocean at sunset, with layered glass towers, suspended gardens, small transport pods moving between buildings, people walking across transparent sky bridges, reflections shimmering on the water below, orange and violet clouds in the sky, intricate architectural details, realistic lighting, atmospheric haze, and a balanced composition.",75,1838,1913,自动,0.055140,0.055516,27758,55,55s,4903965,4.68 MB,data/floating-city/images/017_3-2_2K_2048x1360_auto.png,"A cinematic wide-angle view of a futuristic floating city above a calm ocean at sunset, with layered glass towers, suspended gardens, small transport pods moving between buildings, people walking across transparent sky bridges, reflections shimmering on the water below, orange and violet clouds in the sky, intricate architectural details, realistic lighting, atmospheric haze, and a balanced composition.",ok,
18,3:2,2K,2048x1360,"A cinematic wide-angle view of a futuristic floating city above a calm ocean at sunset, with layered glass towers, suspended gardens, small transport pods moving between buildings, people walking across transparent sky bridges, reflections shimmering on the water below, orange and violet clouds in the sky, intricate architectural details, realistic lighting, atmospheric haze, and a balanced composition.",115,1838,1953,低,0.055140,0.055716,27858,53,53s,4702521,4.48 MB,data/floating-city/images/018_3-2_2K_2048x1360_low.png,"Cinematic wide-angle view of a futuristic floating city above a calm ocean at sunset. Layered glass towers rise from hovering platforms, with suspended gardens and lush greenery integrated into the architecture. Small transport pods move between buildings on sleek elevated routes, and tiny people walk across transparent sky bridges. The water below reflects the city and sunset glow with shimmering highlights. Orange and violet clouds fill the sky, with atmospheric haze, realistic lighting, intricate architectural details, and a balanced composition. Ultra-detailed, photorealistic, cinematic, dramatic but serene.",ok,
19,3:2,2K,2048x1360,"A cinematic wide-angle view of a futuristic floating city above a calm ocean at sunset, with layered glass towers, suspended gardens, small transport pods moving between buildings, people walking across transparent sky bridges, reflections shimmering on the water below, orange and violet clouds in the sky, intricate architectural details, realistic lighting, atmospheric haze, and a balanced composition.",82,7351,7433,中,0.220530,0.220940,110470,146,2m 26s,4847370,4.62 MB,data/floating-city/images/019_3-2_2K_2048x1360_medium.png,"Cinematic wide-angle view of a futuristic floating city above a calm ocean at sunset, with layered glass towers, suspended gardens, small transport pods moving between buildings, people walking across transparent sky bridges, reflections shimmering on the water below, orange and violet clouds in the sky, intricate architectural details, realistic lighting, atmospheric haze, balanced composition, highly detailed, photorealistic concept art",ok,
20,3:2,2K,2048x1360,"A cinematic wide-angle view of a futuristic floating city above a calm ocean at sunset, with layered glass towers, suspended gardens, small transport pods moving between buildings, people walking across transparent sky bridges, reflections shimmering on the water below, orange and violet clouds in the sky, intricate architectural details, realistic lighting, atmospheric haze, and a balanced composition.",84,1838,1922,高,0.055140,0.055560,27780,52,52s,4820723,4.60 MB,data/floating-city/images/020_3-2_2K_2048x1360_high.png,"Cinematic wide-angle view of a futuristic floating city above a calm ocean at sunset, with layered glass towers, suspended gardens, small transport pods moving between buildings, people walking across transparent sky bridges, reflections shimmering on the water below, orange and violet clouds in the sky, intricate architectural details, realistic lighting, atmospheric haze, balanced composition, ultra-detailed, photorealistic, expansive scale",ok,
21,3:2,4K,3520x2336,"A cinematic wide-angle view of a futuristic floating city above a calm ocean at sunset, with layered glass towers, suspended gardens, small transport pods moving between buildings, people walking across transparent sky bridges, reflections shimmering on the water below, orange and violet clouds in the sky, intricate architectural details, realistic lighting, atmospheric haze, and a balanced composition.",88,3926,4014,自动,0.117780,0.118220,59110,146,2m 26s,12045487,11.49 MB,data/floating-city/images/021_3-2_4K_3520x2336_auto.png,"Cinematic wide-angle view of a futuristic floating city above a calm ocean at sunset, with layered glass towers, suspended gardens, small transport pods moving between buildings, people walking across transparent sky bridges, reflections shimmering on the water below, orange and violet clouds in the sky, intricate architectural details, realistic lighting, atmospheric haze, balanced composition, highly detailed, photorealistic, dramatic yet serene, ultra-wide composition",ok,
22,3:2,4K,3520x2336,"A cinematic wide-angle view of a futuristic floating city above a calm ocean at sunset, with layered glass towers, suspended gardens, small transport pods moving between buildings, people walking across transparent sky bridges, reflections shimmering on the water below, orange and violet clouds in the sky, intricate architectural details, realistic lighting, atmospheric haze, and a balanced composition.",99,3926,4025,低,0.117780,0.118276,59138,203,3m 23s,12465267,11.89 MB,data/floating-city/images/022_3-2_4K_3520x2336_low.png,"Cinematic wide-angle view of a futuristic floating city above a calm ocean at sunset. Layered glass towers with intricate architectural details rise from elevated platforms, suspended gardens cascade between structures, small sleek transport pods move between buildings, and people walk across transparent sky bridges. The ocean below reflects shimmering light from the city and sunset. Orange and violet clouds fill the sky, with realistic lighting, atmospheric haze, balanced composition, and a highly detailed photorealistic cinematic style.",ok,
23,3:2,4K,3520x2336,"A cinematic wide-angle view of a futuristic floating city above a calm ocean at sunset, with layered glass towers, suspended gardens, small transport pods moving between buildings, people walking across transparent sky bridges, reflections shimmering on the water below, orange and violet clouds in the sky, intricate architectural details, realistic lighting, atmospheric haze, and a balanced composition.",97,15703,15800,中,0.471090,0.471576,235788,222,3m 42s,11781591,11.24 MB,data/floating-city/images/023_3-2_4K_3520x2336_medium.png,"A cinematic wide-angle view of a futuristic floating city above a calm ocean at sunset, with layered glass towers, suspended gardens, small transport pods moving between buildings, people walking across transparent sky bridges, reflections shimmering on the water below, orange and violet clouds in the sky, intricate architectural details, realistic lighting, atmospheric haze, and a balanced composition. Highly detailed, realistic, cinematic color grading, expansive scale, clean composition, ultra-detailed environment concept art.",ok,
24,3:2,4K,3520x2336,"A cinematic wide-angle view of a futuristic floating city above a calm ocean at sunset, with layered glass towers, suspended gardens, small transport pods moving between buildings, people walking across transparent sky bridges, reflections shimmering on the water below, orange and violet clouds in the sky, intricate architectural details, realistic lighting, atmospheric haze, and a balanced composition.",75,3926,4001,高,0.117780,0.118156,59078,146,2m 26s,12013020,11.46 MB,data/floating-city/images/024_3-2_4K_3520x2336_high.png,"A cinematic wide-angle view of a futuristic floating city above a calm ocean at sunset, with layered glass towers, suspended gardens, small transport pods moving between buildings, people walking across transparent sky bridges, reflections shimmering on the water below, orange and violet clouds in the sky, intricate architectural details, realistic lighting, atmospheric haze, and a balanced composition.",ok,
25,2:3,1K,1024x1536,"A cinematic wide-angle view of a futuristic floating city above a calm ocean at sunset, with layered glass towers, suspended gardens, small transport pods moving between buildings, people walking across transparent sky bridges, reflections shimmering on the water below, orange and violet clouds in the sky, intricate architectural details, realistic lighting, atmospheric haze, and a balanced composition.",75,1372,1447,自动,0.041160,0.041536,20768,53,53s,3040828,2.90 MB,data/floating-city/images/025_2-3_1K_1024x1536_auto.png,"A cinematic wide-angle view of a futuristic floating city above a calm ocean at sunset, with layered glass towers, suspended gardens, small transport pods moving between buildings, people walking across transparent sky bridges, reflections shimmering on the water below, orange and violet clouds in the sky, intricate architectural details, realistic lighting, atmospheric haze, and a balanced composition.",ok,
26,2:3,1K,1024x1536,"A cinematic wide-angle view of a futuristic floating city above a calm ocean at sunset, with layered glass towers, suspended gardens, small transport pods moving between buildings, people walking across transparent sky bridges, reflections shimmering on the water below, orange and violet clouds in the sky, intricate architectural details, realistic lighting, atmospheric haze, and a balanced composition.",96,1372,1468,低,0.041160,0.041640,20820,52,52s,2980878,2.84 MB,data/floating-city/images/026_2-3_1K_1024x1536_low.png,"A cinematic wide-angle view of a futuristic floating city above a calm ocean at sunset, with layered glass towers, suspended gardens, small transport pods moving between buildings, people walking across transparent sky bridges, reflections shimmering on the water below, orange and violet clouds in the sky, intricate architectural details, realistic lighting, atmospheric haze, and a balanced composition. Ultra-detailed, realistic, expansive scale, high dynamic range, elegant sci-fi architecture, serene mood.",ok,
27,2:3,1K,1024x1536,"A cinematic wide-angle view of a futuristic floating city above a calm ocean at sunset, with layered glass towers, suspended gardens, small transport pods moving between buildings, people walking across transparent sky bridges, reflections shimmering on the water below, orange and violet clouds in the sky, intricate architectural details, realistic lighting, atmospheric haze, and a balanced composition.",75,1372,1447,中,0.041160,0.041536,20768,53,53s,2919554,2.78 MB,data/floating-city/images/027_2-3_1K_1024x1536_medium.png,"A cinematic wide-angle view of a futuristic floating city above a calm ocean at sunset, with layered glass towers, suspended gardens, small transport pods moving between buildings, people walking across transparent sky bridges, reflections shimmering on the water below, orange and violet clouds in the sky, intricate architectural details, realistic lighting, atmospheric haze, and a balanced composition.",ok,
28,2:3,1K,1024x1536,"A cinematic wide-angle view of a futuristic floating city above a calm ocean at sunset, with layered glass towers, suspended gardens, small transport pods moving between buildings, people walking across transparent sky bridges, reflections shimmering on the water below, orange and violet clouds in the sky, intricate architectural details, realistic lighting, atmospheric haze, and a balanced composition.",92,5488,5580,高,0.164640,0.165100,82550,144,2m 24s,2818196,2.69 MB,data/floating-city/images/028_2-3_1K_1024x1536_high.png,"Cinematic wide-angle view of a futuristic floating city above a calm ocean at sunset. Layered glass towers with intricate architectural details, suspended gardens and terraces, small transport pods moving between buildings, people walking across transparent sky bridges. Reflections shimmering on the water below. Orange and violet clouds filling the sky, realistic lighting, atmospheric haze, balanced composition, highly detailed, photorealistic, dramatic yet serene sci-fi cityscape.",ok,
29,2:3,2K,1360x2048,"A cinematic wide-angle view of a futuristic floating city above a calm ocean at sunset, with layered glass towers, suspended gardens, small transport pods moving between buildings, people walking across transparent sky bridges, reflections shimmering on the water below, orange and violet clouds in the sky, intricate architectural details, realistic lighting, atmospheric haze, and a balanced composition.",98,7351,7449,自动,0.220530,0.221020,110510,150,2m 30s,4871815,4.65 MB,data/floating-city/images/029_2-3_2K_1360x2048_auto.png,"A cinematic wide-angle view of a futuristic floating city above a calm ocean at sunset, with layered glass towers, suspended gardens, small transport pods moving between buildings, people walking across transparent sky bridges, reflections shimmering on the water below, orange and violet clouds in the sky, intricate architectural details, realistic lighting, atmospheric haze, and a balanced composition. Ultra-detailed, photorealistic, expansive scale, dynamic yet serene, rich reflections, soft sunset glow.",ok,
30,2:3,2K,1360x2048,"A cinematic wide-angle view of a futuristic floating city above a calm ocean at sunset, with layered glass towers, suspended gardens, small transport pods moving between buildings, people walking across transparent sky bridges, reflections shimmering on the water below, orange and violet clouds in the sky, intricate architectural details, realistic lighting, atmospheric haze, and a balanced composition.",106,1838,1944,低,0.055140,0.055670,27835,59,59s,4961242,4.73 MB,data/floating-city/images/030_2-3_2K_1360x2048_low.png,"Cinematic wide-angle view of a futuristic floating city above a calm ocean at sunset. Layered glass towers rise from hovering platforms, with suspended gardens cascading between structures. Small transport pods move between buildings, and people walk across transparent sky bridges. Shimmering reflections dance on the water below. The sky is filled with orange and violet clouds, with intricate architectural details, realistic lighting, atmospheric haze, and a balanced composition. Ultra-detailed, photorealistic, epic scale, high dynamic range.",ok,
31,2:3,2K,1360x2048,"A cinematic wide-angle view of a futuristic floating city above a calm ocean at sunset, with layered glass towers, suspended gardens, small transport pods moving between buildings, people walking across transparent sky bridges, reflections shimmering on the water below, orange and violet clouds in the sky, intricate architectural details, realistic lighting, atmospheric haze, and a balanced composition.",75,1838,1913,中,0.055140,0.055516,27758,58,58s,4840919,4.62 MB,data/floating-city/images/031_2-3_2K_1360x2048_medium.png,"A cinematic wide-angle view of a futuristic floating city above a calm ocean at sunset, with layered glass towers, suspended gardens, small transport pods moving between buildings, people walking across transparent sky bridges, reflections shimmering on the water below, orange and violet clouds in the sky, intricate architectural details, realistic lighting, atmospheric haze, and a balanced composition.",ok,
32,2:3,2K,1360x2048,"A cinematic wide-angle view of a futuristic floating city above a calm ocean at sunset, with layered glass towers, suspended gardens, small transport pods moving between buildings, people walking across transparent sky bridges, reflections shimmering on the water below, orange and violet clouds in the sky, intricate architectural details, realistic lighting, atmospheric haze, and a balanced composition.",90,7351,7441,高,0.220530,0.220980,110490,148,2m 28s,4691051,4.47 MB,data/floating-city/images/032_2-3_2K_1360x2048_high.png,"A cinematic wide-angle view of a futuristic floating city above a calm ocean at sunset, with layered glass towers, suspended gardens, small transport pods moving between buildings, people walking across transparent sky bridges, reflections shimmering on the water below, orange and violet clouds in the sky, intricate architectural details, realistic lighting, atmospheric haze, and a balanced composition. Highly detailed, photorealistic, epic scale, wide aspect ratio.",ok,
33,2:3,4K,2336x3520,"A cinematic wide-angle view of a futuristic floating city above a calm ocean at sunset, with layered glass towers, suspended gardens, small transport pods moving between buildings, people walking across transparent sky bridges, reflections shimmering on the water below, orange and violet clouds in the sky, intricate architectural details, realistic lighting, atmospheric haze, and a balanced composition.",95,3926,4021,自动,0.117780,0.118256,59128,221,3m 41s,11896877,11.35 MB,data/floating-city/images/033_2-3_4K_2336x3520_auto.png,"A cinematic wide-angle view of a futuristic floating city above a calm ocean at sunset, with layered glass towers, suspended gardens, small transport pods moving between buildings, people walking across transparent sky bridges, reflections shimmering on the water below, orange and violet clouds in the sky, intricate architectural details, realistic lighting, atmospheric haze, and a balanced composition. Highly detailed, photorealistic, cinematic color grading, expansive horizon, dramatic yet serene mood.",ok,
34,2:3,4K,2336x3520,"A cinematic wide-angle view of a futuristic floating city above a calm ocean at sunset, with layered glass towers, suspended gardens, small transport pods moving between buildings, people walking across transparent sky bridges, reflections shimmering on the water below, orange and violet clouds in the sky, intricate architectural details, realistic lighting, atmospheric haze, and a balanced composition.",92,3926,4018,低,0.117780,0.118240,59120,148,2m 28s,12180303,11.62 MB,data/floating-city/images/034_2-3_4K_2336x3520_low.png,"Cinematic wide-angle view of a futuristic floating city above a calm ocean at sunset, featuring layered glass towers, suspended gardens, small transport pods moving between buildings, people walking across transparent sky bridges, shimmering reflections on the water below, orange and violet clouds in the sky, intricate architectural details, realistic lighting, atmospheric haze, and a balanced composition. Ultra-detailed, photorealistic, dramatic yet serene, wide establishing shot.",ok,
35,2:3,4K,2336x3520,"A cinematic wide-angle view of a futuristic floating city above a calm ocean at sunset, with layered glass towers, suspended gardens, small transport pods moving between buildings, people walking across transparent sky bridges, reflections shimmering on the water below, orange and violet clouds in the sky, intricate architectural details, realistic lighting, atmospheric haze, and a balanced composition.",75,3926,4001,中,0.117780,0.118156,59078,279,4m 39s,12289997,11.72 MB,data/floating-city/images/035_2-3_4K_2336x3520_medium.png,"A cinematic wide-angle view of a futuristic floating city above a calm ocean at sunset, with layered glass towers, suspended gardens, small transport pods moving between buildings, people walking across transparent sky bridges, reflections shimmering on the water below, orange and violet clouds in the sky, intricate architectural details, realistic lighting, atmospheric haze, and a balanced composition.",ok,
36,2:3,4K,2336x3520,"A cinematic wide-angle view of a futuristic floating city above a calm ocean at sunset, with layered glass towers, suspended gardens, small transport pods moving between buildings, people walking across transparent sky bridges, reflections shimmering on the water below, orange and violet clouds in the sky, intricate architectural details, realistic lighting, atmospheric haze, and a balanced composition.",105,15703,15808,高,0.471090,0.471616,235808,165,2m 45s,12419848,11.84 MB,data/floating-city/images/036_2-3_4K_2336x3520_high.png,"A cinematic wide-angle view of a futuristic floating city above a calm ocean at sunset, with layered glass towers, suspended gardens, small transport pods moving between buildings, people walking across transparent sky bridges, reflections shimmering on the water below, orange and violet clouds in the sky, intricate architectural details, realistic lighting, atmospheric haze, and a balanced composition. Highly detailed, photorealistic, dramatic yet serene atmosphere, expansive scale, crisp reflections, subtle motion in transport pods, ultra-wide lens perspective.",ok,
37,4:3,1K,1024x768,"A cinematic wide-angle view of a futuristic floating city above a calm ocean at sunset, with layered glass towers, suspended gardens, small transport pods moving between buildings, people walking across transparent sky bridges, reflections shimmering on the water below, orange and violet clouds in the sky, intricate architectural details, realistic lighting, atmospheric haze, and a balanced composition.",120,1204,1324,自动,0.036120,0.036720,18360,63,1m 3s,1461082,1.39 MB,data/floating-city/images/037_4-3_1K_1024x768_auto.png,"Cinematic wide-angle view of a futuristic floating city above a calm ocean at sunset. Layered glass towers and sleek architectural forms rise from floating platforms, with suspended gardens draping between structures. Small transport pods glide between buildings, and people walk across transparent sky bridges. The ocean below reflects shimmering highlights from the city lights and sunset sky. Orange and violet clouds stretch across the horizon, with intricate architectural details, realistic lighting, soft atmospheric haze, and a balanced, awe-inspiring composition. Ultra-detailed, photorealistic, cinematic concept art, wide-angle perspective.",ok,
38,4:3,1K,1024x768,"A cinematic wide-angle view of a futuristic floating city above a calm ocean at sunset, with layered glass towers, suspended gardens, small transport pods moving between buildings, people walking across transparent sky bridges, reflections shimmering on the water below, orange and violet clouds in the sky, intricate architectural details, realistic lighting, atmospheric haze, and a balanced composition.",75,1204,1279,低,0.036120,0.036496,18248,50,50s,1449586,1.38 MB,data/floating-city/images/038_4-3_1K_1024x768_low.png,"A cinematic wide-angle view of a futuristic floating city above a calm ocean at sunset, with layered glass towers, suspended gardens, small transport pods moving between buildings, people walking across transparent sky bridges, reflections shimmering on the water below, orange and violet clouds in the sky, intricate architectural details, realistic lighting, atmospheric haze, and a balanced composition.",ok,
39,4:3,1K,1024x768,"A cinematic wide-angle view of a futuristic floating city above a calm ocean at sunset, with layered glass towers, suspended gardens, small transport pods moving between buildings, people walking across transparent sky bridges, reflections shimmering on the water below, orange and violet clouds in the sky, intricate architectural details, realistic lighting, atmospheric haze, and a balanced composition.",75,1204,1279,中,0.036120,0.036496,18248,50,50s,1463795,1.40 MB,data/floating-city/images/039_4-3_1K_1024x768_medium.png,"A cinematic wide-angle view of a futuristic floating city above a calm ocean at sunset, with layered glass towers, suspended gardens, small transport pods moving between buildings, people walking across transparent sky bridges, reflections shimmering on the water below, orange and violet clouds in the sky, intricate architectural details, realistic lighting, atmospheric haze, and a balanced composition.",ok,
40,4:3,1K,1024x768,"A cinematic wide-angle view of a futuristic floating city above a calm ocean at sunset, with layered glass towers, suspended gardens, small transport pods moving between buildings, people walking across transparent sky bridges, reflections shimmering on the water below, orange and violet clouds in the sky, intricate architectural details, realistic lighting, atmospheric haze, and a balanced composition.",75,1204,1279,高,0.036120,0.036496,18248,57,57s,1543025,1.47 MB,data/floating-city/images/040_4-3_1K_1024x768_high.png,"A cinematic wide-angle view of a futuristic floating city above a calm ocean at sunset, with layered glass towers, suspended gardens, small transport pods moving between buildings, people walking across transparent sky bridges, reflections shimmering on the water below, orange and violet clouds in the sky, intricate architectural details, realistic lighting, atmospheric haze, and a balanced composition.",ok,
41,4:3,2K,2048x1536,"A cinematic wide-angle view of a futuristic floating city above a calm ocean at sunset, with layered glass towers, suspended gardens, small transport pods moving between buildings, people walking across transparent sky bridges, reflections shimmering on the water below, orange and violet clouds in the sky, intricate architectural details, realistic lighting, atmospheric haze, and a balanced composition.",75,2223,2298,自动,0.066690,0.067066,33533,58,58s,5711571,5.45 MB,data/floating-city/images/041_4-3_2K_2048x1536_auto.png,"A cinematic wide-angle view of a futuristic floating city above a calm ocean at sunset, with layered glass towers, suspended gardens, small transport pods moving between buildings, people walking across transparent sky bridges, reflections shimmering on the water below, orange and violet clouds in the sky, intricate architectural details, realistic lighting, atmospheric haze, and a balanced composition.",ok,
42,4:3,2K,2048x1536,"A cinematic wide-angle view of a futuristic floating city above a calm ocean at sunset, with layered glass towers, suspended gardens, small transport pods moving between buildings, people walking across transparent sky bridges, reflections shimmering on the water below, orange and violet clouds in the sky, intricate architectural details, realistic lighting, atmospheric haze, and a balanced composition.",85,2223,2308,低,0.066690,0.067116,33558,57,57s,5401917,5.15 MB,data/floating-city/images/042_4-3_2K_2048x1536_low.png,"Cinematic wide-angle view of a futuristic floating city above a calm ocean at sunset, featuring layered glass towers, suspended gardens, small transport pods moving between buildings, people walking across transparent sky bridges, reflections shimmering on the water below, orange and violet clouds in the sky, intricate architectural details, realistic lighting, atmospheric haze, balanced composition, ultra-detailed, photorealistic, high dynamic range",ok,
43,4:3,2K,2048x1536,"A cinematic wide-angle view of a futuristic floating city above a calm ocean at sunset, with layered glass towers, suspended gardens, small transport pods moving between buildings, people walking across transparent sky bridges, reflections shimmering on the water below, orange and violet clouds in the sky, intricate architectural details, realistic lighting, atmospheric haze, and a balanced composition.",99,2223,2322,中,0.066690,0.067186,33593,59,59s,5898471,5.63 MB,data/floating-city/images/043_4-3_2K_2048x1536_medium.png,"Cinematic wide-angle view of a futuristic floating city above a calm ocean at sunset. Layered glass towers with intricate architectural details, suspended gardens integrated throughout the structures, small transport pods moving between buildings, people walking across transparent sky bridges. Reflections shimmering on the water below. Orange and violet clouds fill the sky, with realistic lighting, atmospheric haze, and a balanced composition. Highly detailed, photorealistic, dramatic but serene futuristic metropolis, ultra-wide perspective.",ok,
44,4:3,2K,2048x1536,"A cinematic wide-angle view of a futuristic floating city above a calm ocean at sunset, with layered glass towers, suspended gardens, small transport pods moving between buildings, people walking across transparent sky bridges, reflections shimmering on the water below, orange and violet clouds in the sky, intricate architectural details, realistic lighting, atmospheric haze, and a balanced composition.",86,2223,2309,高,0.066690,0.067120,33560,57,57s,5328570,5.08 MB,data/floating-city/images/044_4-3_2K_2048x1536_high.png,"Cinematic wide-angle view of a futuristic floating city above a calm ocean at sunset, with layered glass towers, suspended gardens, small transport pods moving between buildings, people walking across transparent sky bridges, reflections shimmering on the water below, orange and violet clouds in the sky, intricate architectural details, realistic lighting, atmospheric haze, balanced composition, highly detailed, photorealistic, dramatic but serene mood.",ok,
45,4:3,4K,3312x2480,"A cinematic wide-angle view of a futuristic floating city above a calm ocean at sunset, with layered glass towers, suspended gardens, small transport pods moving between buildings, people walking across transparent sky bridges, reflections shimmering on the water below, orange and violet clouds in the sky, intricate architectural details, realistic lighting, atmospheric haze, and a balanced composition.",84,4413,4497,自动,0.132390,0.132810,66405,70,1m 10s,12029140,11.47 MB,data/floating-city/images/045_4-3_4K_3312x2480_auto.png,"Cinematic wide-angle view of a futuristic floating city above a calm ocean at sunset, with layered glass towers, suspended gardens, small transport pods moving between buildings, people walking across transparent sky bridges, reflections shimmering on the water below, orange and violet clouds in the sky, intricate architectural details, realistic lighting, atmospheric haze, balanced composition, highly detailed, photorealistic, dramatic yet serene",ok,
46,4:3,4K,3312x2480,"A cinematic wide-angle view of a futuristic floating city above a calm ocean at sunset, with layered glass towers, suspended gardens, small transport pods moving between buildings, people walking across transparent sky bridges, reflections shimmering on the water below, orange and violet clouds in the sky, intricate architectural details, realistic lighting, atmospheric haze, and a balanced composition.",75,4413,4488,低,0.132390,0.132766,66383,222,3m 42s,12141462,11.58 MB,data/floating-city/images/046_4-3_4K_3312x2480_low.png,"A cinematic wide-angle view of a futuristic floating city above a calm ocean at sunset, with layered glass towers, suspended gardens, small transport pods moving between buildings, people walking across transparent sky bridges, reflections shimmering on the water below, orange and violet clouds in the sky, intricate architectural details, realistic lighting, atmospheric haze, and a balanced composition.",ok,
47,4:3,4K,3312x2480,"A cinematic wide-angle view of a futuristic floating city above a calm ocean at sunset, with layered glass towers, suspended gardens, small transport pods moving between buildings, people walking across transparent sky bridges, reflections shimmering on the water below, orange and violet clouds in the sky, intricate architectural details, realistic lighting, atmospheric haze, and a balanced composition.",99,4413,4512,中,0.132390,0.132886,66443,72,1m 12s,11863846,11.31 MB,data/floating-city/images/047_4-3_4K_3312x2480_medium.png,"A cinematic wide-angle view of a futuristic floating city above a calm ocean at sunset, with layered glass towers, suspended gardens, small transport pods moving between buildings, people walking across transparent sky bridges, reflections shimmering on the water below, orange and violet clouds in the sky, intricate architectural details, realistic lighting, atmospheric haze, and a balanced composition. Ultra-detailed, photorealistic, high dynamic range, sweeping vista, elegant sci-fi architecture, serene mood.",ok,
48,4:3,4K,3312x2480,"A cinematic wide-angle view of a futuristic floating city above a calm ocean at sunset, with layered glass towers, suspended gardens, small transport pods moving between buildings, people walking across transparent sky bridges, reflections shimmering on the water below, orange and violet clouds in the sky, intricate architectural details, realistic lighting, atmospheric haze, and a balanced composition.",75,4413,4488,高,0.132390,0.132766,66383,78,1m 18s,12497169,11.92 MB,data/floating-city/images/048_4-3_4K_3312x2480_high.png,"A cinematic wide-angle view of a futuristic floating city above a calm ocean at sunset, with layered glass towers, suspended gardens, small transport pods moving between buildings, people walking across transparent sky bridges, reflections shimmering on the water below, orange and violet clouds in the sky, intricate architectural details, realistic lighting, atmospheric haze, and a balanced composition.",ok,
49,3:4,1K,768x1024,"A cinematic wide-angle view of a futuristic floating city above a calm ocean at sunset, with layered glass towers, suspended gardens, small transport pods moving between buildings, people walking across transparent sky bridges, reflections shimmering on the water below, orange and violet clouds in the sky, intricate architectural details, realistic lighting, atmospheric haze, and a balanced composition.",101,1204,1305,自动,0.036120,0.036626,18313,53,53s,1602488,1.53 MB,data/floating-city/images/049_3-4_1K_768x1024_auto.png,"A cinematic wide-angle view of a futuristic floating city above a calm ocean at sunset, with layered glass towers, suspended gardens, small transport pods moving between buildings, people walking across transparent sky bridges, reflections shimmering on the water below, orange and violet clouds in the sky, intricate architectural details, realistic lighting, atmospheric haze, and a balanced composition. Ultra-detailed, photorealistic, expansive environment, dramatic but serene mood, sharp focus with depth, high dynamic range.",ok,
50,3:4,1K,768x1024,"A cinematic wide-angle view of a futuristic floating city above a calm ocean at sunset, with layered glass towers, suspended gardens, small transport pods moving between buildings, people walking across transparent sky bridges, reflections shimmering on the water below, orange and violet clouds in the sky, intricate architectural details, realistic lighting, atmospheric haze, and a balanced composition.",75,1204,1279,低,0.036120,0.036496,18248,64,1m 4s,1572867,1.50 MB,data/floating-city/images/050_3-4_1K_768x1024_low.png,"A cinematic wide-angle view of a futuristic floating city above a calm ocean at sunset, with layered glass towers, suspended gardens, small transport pods moving between buildings, people walking across transparent sky bridges, reflections shimmering on the water below, orange and violet clouds in the sky, intricate architectural details, realistic lighting, atmospheric haze, and a balanced composition.",ok,
51,3:4,1K,768x1024,"A cinematic wide-angle view of a futuristic floating city above a calm ocean at sunset, with layered glass towers, suspended gardens, small transport pods moving between buildings, people walking across transparent sky bridges, reflections shimmering on the water below, orange and violet clouds in the sky, intricate architectural details, realistic lighting, atmospheric haze, and a balanced composition.",75,1204,1279,中,0.036120,0.036496,18248,64,1m 4s,1637311,1.56 MB,data/floating-city/images/051_3-4_1K_768x1024_medium.png,"A cinematic wide-angle view of a futuristic floating city above a calm ocean at sunset, with layered glass towers, suspended gardens, small transport pods moving between buildings, people walking across transparent sky bridges, reflections shimmering on the water below, orange and violet clouds in the sky, intricate architectural details, realistic lighting, atmospheric haze, and a balanced composition.",ok,
52,3:4,1K,768x1024,"A cinematic wide-angle view of a futuristic floating city above a calm ocean at sunset, with layered glass towers, suspended gardens, small transport pods moving between buildings, people walking across transparent sky bridges, reflections shimmering on the water below, orange and violet clouds in the sky, intricate architectural details, realistic lighting, atmospheric haze, and a balanced composition.",103,1204,1307,高,0.036120,0.036636,18318,57,57s,1643392,1.57 MB,data/floating-city/images/052_3-4_1K_768x1024_high.png,"A cinematic wide-angle view of a futuristic floating city above a calm ocean at sunset, with layered glass towers, suspended gardens, small transport pods moving between buildings, people walking across transparent sky bridges, reflections shimmering on the water below, orange and violet clouds in the sky, intricate architectural details, realistic lighting, atmospheric haze, and a balanced composition. Highly detailed, photorealistic, dramatic yet serene, expansive scale, subtle motion in the pods, crisp reflections, elegant futuristic design.",ok,
53,3:4,2K,1536x2048,"A cinematic wide-angle view of a futuristic floating city above a calm ocean at sunset, with layered glass towers, suspended gardens, small transport pods moving between buildings, people walking across transparent sky bridges, reflections shimmering on the water below, orange and violet clouds in the sky, intricate architectural details, realistic lighting, atmospheric haze, and a balanced composition.",92,8892,8984,自动,0.266760,0.267220,133610,171,2m 51s,6104868,5.82 MB,data/floating-city/images/053_3-4_2K_1536x2048_auto.png,"A cinematic wide-angle view of a futuristic floating city above a calm ocean at sunset, with layered glass towers, suspended gardens, small transport pods moving between buildings, people walking across transparent sky bridges, reflections shimmering on the water below, orange and violet clouds in the sky, intricate architectural details, realistic lighting, atmospheric haze, and a balanced composition. Highly detailed, photorealistic, dramatic yet serene, ultra-wide establishing shot.",ok,
54,3:4,2K,1536x2048,"A cinematic wide-angle view of a futuristic floating city above a calm ocean at sunset, with layered glass towers, suspended gardens, small transport pods moving between buildings, people walking across transparent sky bridges, reflections shimmering on the water below, orange and violet clouds in the sky, intricate architectural details, realistic lighting, atmospheric haze, and a balanced composition.",86,2223,2309,低,0.066690,0.067120,33560,68,1m 8s,5466494,5.21 MB,data/floating-city/images/054_3-4_2K_1536x2048_low.png,"Cinematic wide-angle view of a futuristic floating city above a calm ocean at sunset. Layered glass towers with intricate architectural details, suspended gardens and greenery, small transport pods moving between buildings, people walking across transparent sky bridges, reflections shimmering on the water below. Orange and violet clouds fill the sky, realistic lighting, atmospheric haze, balanced composition, highly detailed, photorealistic, cinematic atmosphere.",ok,
55,3:4,2K,1536x2048,"A cinematic wide-angle view of a futuristic floating city above a calm ocean at sunset, with layered glass towers, suspended gardens, small transport pods moving between buildings, people walking across transparent sky bridges, reflections shimmering on the water below, orange and violet clouds in the sky, intricate architectural details, realistic lighting, atmospheric haze, and a balanced composition.",98,2223,2321,中,0.066690,0.067180,33590,60,1m,5635691,5.37 MB,data/floating-city/images/055_3-4_2K_1536x2048_medium.png,"A cinematic wide-angle view of a futuristic floating city above a calm ocean at sunset, with layered glass towers, suspended gardens, small transport pods moving between buildings, people walking across transparent sky bridges, reflections shimmering on the water below, orange and violet clouds in the sky, intricate architectural details, realistic lighting, atmospheric haze, and a balanced composition. Highly detailed, photorealistic, dramatic yet serene, expansive horizon, clean composition, ultra-wide lens feel.",ok,
56,3:4,2K,1536x2048,"A cinematic wide-angle view of a futuristic floating city above a calm ocean at sunset, with layered glass towers, suspended gardens, small transport pods moving between buildings, people walking across transparent sky bridges, reflections shimmering on the water below, orange and violet clouds in the sky, intricate architectural details, realistic lighting, atmospheric haze, and a balanced composition.",113,2223,2336,高,0.066690,0.067256,33628,60,1m,5275224,5.03 MB,data/floating-city/images/056_3-4_2K_1536x2048_high.png,"Cinematic wide-angle view of a futuristic floating city above a calm ocean at sunset. Layered glass towers rise from hovering platforms, with suspended gardens and terraces interwoven between buildings. Small sleek transport pods move between structures, and tiny figures of people walk across transparent sky bridges. The ocean below reflects the city lights and sunset colors with shimmering highlights. Orange and violet clouds fill the sky. Include intricate architectural details, realistic lighting, subtle atmospheric haze, and a balanced, visually harmonious composition. Ultra-realistic, high detail, cinematic composition.",ok,
57,3:4,4K,2480x3312,"A cinematic wide-angle view of a futuristic floating city above a calm ocean at sunset, with layered glass towers, suspended gardens, small transport pods moving between buildings, people walking across transparent sky bridges, reflections shimmering on the water below, orange and violet clouds in the sky, intricate architectural details, realistic lighting, atmospheric haze, and a balanced composition.",85,4413,4498,自动,0.132390,0.132816,66408,140,2m 20s,11834690,11.29 MB,data/floating-city/images/057_3-4_4K_2480x3312_auto.png,"Cinematic wide-angle view of a futuristic floating city above a calm ocean at sunset, with layered glass towers, suspended gardens, small transport pods moving between buildings, people walking across transparent sky bridges, reflections shimmering on the water below, orange and violet clouds in the sky, intricate architectural details, realistic lighting, atmospheric haze, balanced composition, highly detailed, photorealistic, epic sci-fi environment",ok,
58,3:4,4K,2480x3312,"A cinematic wide-angle view of a futuristic floating city above a calm ocean at sunset, with layered glass towers, suspended gardens, small transport pods moving between buildings, people walking across transparent sky bridges, reflections shimmering on the water below, orange and violet clouds in the sky, intricate architectural details, realistic lighting, atmospheric haze, and a balanced composition.",75,4413,4488,低,0.132390,0.132766,66383,102,1m 42s,12479904,11.90 MB,data/floating-city/images/058_3-4_4K_2480x3312_low.png,"A cinematic wide-angle view of a futuristic floating city above a calm ocean at sunset, with layered glass towers, suspended gardens, small transport pods moving between buildings, people walking across transparent sky bridges, reflections shimmering on the water below, orange and violet clouds in the sky, intricate architectural details, realistic lighting, atmospheric haze, and a balanced composition.",ok,
59,3:4,4K,2480x3312,"A cinematic wide-angle view of a futuristic floating city above a calm ocean at sunset, with layered glass towers, suspended gardens, small transport pods moving between buildings, people walking across transparent sky bridges, reflections shimmering on the water below, orange and violet clouds in the sky, intricate architectural details, realistic lighting, atmospheric haze, and a balanced composition.",75,4413,4488,中,0.132390,0.132766,66383,746,12m 26s,12173505,11.61 MB,data/floating-city/images/059_3-4_4K_2480x3312_medium.png,"A cinematic wide-angle view of a futuristic floating city above a calm ocean at sunset, with layered glass towers, suspended gardens, small transport pods moving between buildings, people walking across transparent sky bridges, reflections shimmering on the water below, orange and violet clouds in the sky, intricate architectural details, realistic lighting, atmospheric haze, and a balanced composition.",ok,
60,3:4,4K,2480x3312,"A cinematic wide-angle view of a futuristic floating city above a calm ocean at sunset, with layered glass towers, suspended gardens, small transport pods moving between buildings, people walking across transparent sky bridges, reflections shimmering on the water below, orange and violet clouds in the sky, intricate architectural details, realistic lighting, atmospheric haze, and a balanced composition.",75,4413,4488,高,0.132390,0.132766,66383,298,4m 58s,12282110,11.71 MB,data/floating-city/images/060_3-4_4K_2480x3312_high.png,"A cinematic wide-angle view of a futuristic floating city above a calm ocean at sunset, with layered glass towers, suspended gardens, small transport pods moving between buildings, people walking across transparent sky bridges, reflections shimmering on the water below, orange and violet clouds in the sky, intricate architectural details, realistic lighting, atmospheric haze, and a balanced composition.",ok,
61,5:4,1K,1280x1024,"A cinematic wide-angle view of a futuristic floating city above a calm ocean at sunset, with layered glass towers, suspended gardens, small transport pods moving between buildings, people walking across transparent sky bridges, reflections shimmering on the water below, orange and violet clouds in the sky, intricate architectural details, realistic lighting, atmospheric haze, and a balanced composition.",100,1510,1610,自动,0.045300,0.045800,22900,55,55s,2623308,2.50 MB,data/floating-city/images/061_5-4_1K_1280x1024_auto.png,"A cinematic wide-angle view of a futuristic floating city above a calm ocean at sunset, featuring layered glass towers, suspended gardens, small transport pods moving between buildings, people walking across transparent sky bridges, reflections shimmering on the water below, orange and violet clouds in the sky, intricate architectural details, realistic lighting, atmospheric haze, and a balanced composition. Ultra-detailed, photorealistic, grand scale, sweeping perspective, high dynamic range, serene and awe-inspiring.",ok,
62,5:4,1K,1280x1024,"A cinematic wide-angle view of a futuristic floating city above a calm ocean at sunset, with layered glass towers, suspended gardens, small transport pods moving between buildings, people walking across transparent sky bridges, reflections shimmering on the water below, orange and violet clouds in the sky, intricate architectural details, realistic lighting, atmospheric haze, and a balanced composition.",84,6119,6203,低,0.183570,0.183990,91995,162,2m 42s,2376275,2.27 MB,data/floating-city/images/062_5-4_1K_1280x1024_low.png,"Cinematic wide-angle view of a futuristic floating city above a calm ocean at sunset, with layered glass towers, suspended gardens, small transport pods moving between buildings, people walking across transparent sky bridges, reflections shimmering on the water below, orange and violet clouds in the sky, intricate architectural details, realistic lighting, atmospheric haze, balanced composition, ultra-detailed, photorealistic, epic scale",ok,
63,5:4,1K,1280x1024,"A cinematic wide-angle view of a futuristic floating city above a calm ocean at sunset, with layered glass towers, suspended gardens, small transport pods moving between buildings, people walking across transparent sky bridges, reflections shimmering on the water below, orange and violet clouds in the sky, intricate architectural details, realistic lighting, atmospheric haze, and a balanced composition.",87,1510,1597,中,0.045300,0.045736,22868,54,54s,2698903,2.57 MB,data/floating-city/images/063_5-4_1K_1280x1024_medium.png,"Cinematic wide-angle view of a futuristic floating city above a calm ocean at sunset, featuring layered glass towers, suspended gardens, small transport pods moving between buildings, people walking across transparent sky bridges, reflections shimmering on the water below, orange and violet clouds in the sky, intricate architectural details, realistic lighting, atmospheric haze, balanced composition, highly detailed, photorealistic, epic sci-fi concept art.",ok,
64,5:4,1K,1280x1024,"A cinematic wide-angle view of a futuristic floating city above a calm ocean at sunset, with layered glass towers, suspended gardens, small transport pods moving between buildings, people walking across transparent sky bridges, reflections shimmering on the water below, orange and violet clouds in the sky, intricate architectural details, realistic lighting, atmospheric haze, and a balanced composition.",75,1510,1585,高,0.045300,0.045676,22838,104,1m 44s,2750179,2.62 MB,data/floating-city/images/064_5-4_1K_1280x1024_high.png,"A cinematic wide-angle view of a futuristic floating city above a calm ocean at sunset, with layered glass towers, suspended gardens, small transport pods moving between buildings, people walking across transparent sky bridges, reflections shimmering on the water below, orange and violet clouds in the sky, intricate architectural details, realistic lighting, atmospheric haze, and a balanced composition.",ok,
65,5:4,2K,2560x2048,"A cinematic wide-angle view of a futuristic floating city above a calm ocean at sunset, with layered glass towers, suspended gardens, small transport pods moving between buildings, people walking across transparent sky bridges, reflections shimmering on the water below, orange and violet clouds in the sky, intricate architectural details, realistic lighting, atmospheric haze, and a balanced composition.",75,3303,3378,自动,0.099090,0.099466,49733,90,1m 30s,8216593,7.84 MB,data/floating-city/images/065_5-4_2K_2560x2048_auto.png,"A cinematic wide-angle view of a futuristic floating city above a calm ocean at sunset, with layered glass towers, suspended gardens, small transport pods moving between buildings, people walking across transparent sky bridges, reflections shimmering on the water below, orange and violet clouds in the sky, intricate architectural details, realistic lighting, atmospheric haze, and a balanced composition.",ok,
66,5:4,2K,2560x2048,"A cinematic wide-angle view of a futuristic floating city above a calm ocean at sunset, with layered glass towers, suspended gardens, small transport pods moving between buildings, people walking across transparent sky bridges, reflections shimmering on the water below, orange and violet clouds in the sky, intricate architectural details, realistic lighting, atmospheric haze, and a balanced composition.",83,13385,13468,低,0.401550,0.401966,200983,173,2m 53s,8187245,7.81 MB,data/floating-city/images/066_5-4_2K_2560x2048_low.png,"Cinematic wide-angle view of a futuristic floating city above a calm ocean at sunset, with layered glass towers, suspended gardens, small transport pods moving between buildings, people walking across transparent sky bridges, reflections shimmering on the water below, orange and violet clouds in the sky, intricate architectural details, realistic lighting, atmospheric haze, balanced composition, ultra-detailed, photorealistic concept art",ok,
67,5:4,2K,2560x2048,"A cinematic wide-angle view of a futuristic floating city above a calm ocean at sunset, with layered glass towers, suspended gardens, small transport pods moving between buildings, people walking across transparent sky bridges, reflections shimmering on the water below, orange and violet clouds in the sky, intricate architectural details, realistic lighting, atmospheric haze, and a balanced composition.",87,3303,3390,中,0.099090,0.099526,49763,70,1m 10s,8195971,7.82 MB,data/floating-city/images/067_5-4_2K_2560x2048_medium.png,"Cinematic wide-angle view of a futuristic floating city above a calm ocean at sunset. Layered glass towers with intricate architectural details, suspended gardens, small transport pods moving between buildings, people walking across transparent sky bridges, shimmering reflections on the water below, orange and violet clouds in the sky, realistic lighting, atmospheric haze, balanced composition, highly detailed, photorealistic, epic sci-fi cityscape.",ok,
68,5:4,2K,2560x2048,"A cinematic wide-angle view of a futuristic floating city above a calm ocean at sunset, with layered glass towers, suspended gardens, small transport pods moving between buildings, people walking across transparent sky bridges, reflections shimmering on the water below, orange and violet clouds in the sky, intricate architectural details, realistic lighting, atmospheric haze, and a balanced composition.",111,13385,13496,高,0.401550,0.402106,201053,171,2m 51s,9346419,8.91 MB,data/floating-city/images/068_5-4_2K_2560x2048_high.png,"Cinematic wide-angle view of a futuristic floating city above a calm ocean at sunset. Layered glass towers rise from floating platforms, with suspended gardens and lush greenery integrated into the architecture. Small transport pods glide between buildings. People walk across transparent sky bridges connecting structures. Water below reflects the city lights and sunset colors, shimmering softly. The sky features dramatic orange and violet clouds. Include intricate architectural details, realistic lighting, atmospheric haze, and a balanced composition. Ultra-detailed, photorealistic, cinematic, expansive vista.",ok,
69,5:4,4K,3216x2576,"A cinematic wide-angle view of a futuristic floating city above a calm ocean at sunset, with layered glass towers, suspended gardens, small transport pods moving between buildings, people walking across transparent sky bridges, reflections shimmering on the water below, orange and violet clouds in the sky, intricate architectural details, realistic lighting, atmospheric haze, and a balanced composition.",105,4690,4795,自动,0.140700,0.141226,70613,290,4m 50s,12068968,11.51 MB,data/floating-city/images/069_5-4_4K_3216x2576_auto.png,"A cinematic wide-angle view of a futuristic floating city above a calm ocean at sunset, with layered glass towers, suspended gardens, small transport pods moving between buildings, people walking across transparent sky bridges, reflections shimmering on the water below, orange and violet clouds in the sky, intricate architectural details, realistic lighting, atmospheric haze, and a balanced composition. Ultra-detailed, high realism, dramatic yet serene atmosphere, sweeping perspective, subtle lens flare, polished sci-fi concept art, 16:9.",ok,
70,5:4,4K,3216x2576,"A cinematic wide-angle view of a futuristic floating city above a calm ocean at sunset, with layered glass towers, suspended gardens, small transport pods moving between buildings, people walking across transparent sky bridges, reflections shimmering on the water below, orange and violet clouds in the sky, intricate architectural details, realistic lighting, atmospheric haze, and a balanced composition.",91,4690,4781,低,0.140700,0.141156,70578,160,2m 40s,12092320,11.53 MB,data/floating-city/images/070_5-4_4K_3216x2576_low.png,"A cinematic wide-angle view of a futuristic floating city above a calm ocean at sunset, with layered glass towers, suspended gardens, small transport pods moving between buildings, people walking across transparent sky bridges, reflections shimmering on the water below, orange and violet clouds in the sky, intricate architectural details, realistic lighting, atmospheric haze, and a balanced composition. Highly detailed, photorealistic, expansive scale, dramatic yet serene mood.",ok,
71,5:4,4K,3216x2576,"A cinematic wide-angle view of a futuristic floating city above a calm ocean at sunset, with layered glass towers, suspended gardens, small transport pods moving between buildings, people walking across transparent sky bridges, reflections shimmering on the water below, orange and violet clouds in the sky, intricate architectural details, realistic lighting, atmospheric haze, and a balanced composition.",75,4690,4765,中,0.140700,0.141076,70538,86,1m 26s,12053017,11.49 MB,data/floating-city/images/071_5-4_4K_3216x2576_medium.png,"A cinematic wide-angle view of a futuristic floating city above a calm ocean at sunset, with layered glass towers, suspended gardens, small transport pods moving between buildings, people walking across transparent sky bridges, reflections shimmering on the water below, orange and violet clouds in the sky, intricate architectural details, realistic lighting, atmospheric haze, and a balanced composition.",ok,
72,5:4,4K,3216x2576,"A cinematic wide-angle view of a futuristic floating city above a calm ocean at sunset, with layered glass towers, suspended gardens, small transport pods moving between buildings, people walking across transparent sky bridges, reflections shimmering on the water below, orange and violet clouds in the sky, intricate architectural details, realistic lighting, atmospheric haze, and a balanced composition.",85,4690,4775,高,0.140700,0.141126,70563,85,1m 25s,12558509,11.98 MB,data/floating-city/images/072_5-4_4K_3216x2576_high.png,"Cinematic wide-angle view of a futuristic floating city above a calm ocean at sunset, with layered glass towers, suspended gardens, small transport pods moving between buildings, people walking across transparent sky bridges, reflections shimmering on the water below, orange and violet clouds in the sky, intricate architectural details, realistic lighting, atmospheric haze, balanced composition, highly detailed, photorealistic, dramatic yet serene mood",ok,
73,4:5,1K,1024x1280,"A cinematic wide-angle view of a futuristic floating city above a calm ocean at sunset, with layered glass towers, suspended gardens, small transport pods moving between buildings, people walking across transparent sky bridges, reflections shimmering on the water below, orange and violet clouds in the sky, intricate architectural details, realistic lighting, atmospheric haze, and a balanced composition.",89,1510,1599,自动,0.045300,0.045746,22873,59,59s,2855972,2.72 MB,data/floating-city/images/073_4-5_1K_1024x1280_auto.png,"Cinematic wide-angle view of a futuristic floating city above a calm ocean at sunset, with layered glass towers, suspended gardens, small transport pods moving between buildings, people walking across transparent sky bridges, reflections shimmering on the water below, orange and violet clouds in the sky, intricate architectural details, realistic lighting, atmospheric haze, balanced composition, ultra-detailed, photorealistic, high dynamic range, sweeping vista.",ok,
74,4:5,1K,1024x1280,"A cinematic wide-angle view of a futuristic floating city above a calm ocean at sunset, with layered glass towers, suspended gardens, small transport pods moving between buildings, people walking across transparent sky bridges, reflections shimmering on the water below, orange and violet clouds in the sky, intricate architectural details, realistic lighting, atmospheric haze, and a balanced composition.",75,1510,1585,低,0.045300,0.045676,22838,53,53s,2432009,2.32 MB,data/floating-city/images/074_4-5_1K_1024x1280_low.png,"A cinematic wide-angle view of a futuristic floating city above a calm ocean at sunset, with layered glass towers, suspended gardens, small transport pods moving between buildings, people walking across transparent sky bridges, reflections shimmering on the water below, orange and violet clouds in the sky, intricate architectural details, realistic lighting, atmospheric haze, and a balanced composition.",ok,
75,4:5,1K,1024x1280,"A cinematic wide-angle view of a futuristic floating city above a calm ocean at sunset, with layered glass towers, suspended gardens, small transport pods moving between buildings, people walking across transparent sky bridges, reflections shimmering on the water below, orange and violet clouds in the sky, intricate architectural details, realistic lighting, atmospheric haze, and a balanced composition.",104,6119,6223,中,0.183570,0.184090,92045,160,2m 40s,2440673,2.33 MB,data/floating-city/images/075_4-5_1K_1024x1280_medium.png,"Cinematic wide-angle view of a futuristic floating city above a calm ocean at sunset. Layered glass towers rise from interconnected platforms, with suspended gardens draping between structures. Small transport pods glide between buildings. People walk across transparent sky bridges. The ocean below reflects the city lights and sunset colors with shimmering detail. Orange and violet clouds fill the sky. Intricate architectural details, realistic lighting, atmospheric haze, balanced composition, highly detailed, photorealistic, epic sci-fi cityscape.",ok,
76,4:5,1K,1024x1280,"A cinematic wide-angle view of a futuristic floating city above a calm ocean at sunset, with layered glass towers, suspended gardens, small transport pods moving between buildings, people walking across transparent sky bridges, reflections shimmering on the water below, orange and violet clouds in the sky, intricate architectural details, realistic lighting, atmospheric haze, and a balanced composition.",75,1510,1585,高,0.045300,0.045676,22838,53,53s,2411570,2.30 MB,data/floating-city/images/076_4-5_1K_1024x1280_high.png,"A cinematic wide-angle view of a futuristic floating city above a calm ocean at sunset, with layered glass towers, suspended gardens, small transport pods moving between buildings, people walking across transparent sky bridges, reflections shimmering on the water below, orange and violet clouds in the sky, intricate architectural details, realistic lighting, atmospheric haze, and a balanced composition.",ok,
77,4:5,2K,2048x2560,"A cinematic wide-angle view of a futuristic floating city above a calm ocean at sunset, with layered glass towers, suspended gardens, small transport pods moving between buildings, people walking across transparent sky bridges, reflections shimmering on the water below, orange and violet clouds in the sky, intricate architectural details, realistic lighting, atmospheric haze, and a balanced composition.",94,3303,3397,自动,0.099090,0.099560,49780,76,1m 16s,8978205,8.56 MB,data/floating-city/images/077_4-5_2K_2048x2560_auto.png,"A cinematic wide-angle view of a futuristic floating city above a calm ocean at sunset, with layered glass towers, suspended gardens, small transport pods moving between buildings, people walking across transparent sky bridges, reflections shimmering on the water below, orange and violet clouds in the sky, intricate architectural details, realistic lighting, atmospheric haze, and a balanced composition. Highly detailed, photorealistic, cinematic atmosphere, dramatic but serene, wide establishing shot.",ok,
78,4:5,2K,2048x2560,"A cinematic wide-angle view of a futuristic floating city above a calm ocean at sunset, with layered glass towers, suspended gardens, small transport pods moving between buildings, people walking across transparent sky bridges, reflections shimmering on the water below, orange and violet clouds in the sky, intricate architectural details, realistic lighting, atmospheric haze, and a balanced composition.",104,13385,13489,低,0.401550,0.402070,201035,187,3m 7s,8932272,8.52 MB,data/floating-city/images/078_4-5_2K_2048x2560_low.png,"Cinematic wide-angle view of a futuristic floating city above a calm ocean at sunset. Layered glass towers rise from hovering platforms, suspended gardens woven between structures, small sleek transport pods moving between buildings, and people walking across transparent sky bridges. The water below mirrors the city with shimmering reflections. Orange and violet clouds fill the sky, with intricate architectural details, realistic lighting, atmospheric haze, and a balanced composition. Ultra-detailed, photorealistic, grand scale, dramatic yet serene.",ok,
79,4:5,2K,2048x2560,"A cinematic wide-angle view of a futuristic floating city above a calm ocean at sunset, with layered glass towers, suspended gardens, small transport pods moving between buildings, people walking across transparent sky bridges, reflections shimmering on the water below, orange and violet clouds in the sky, intricate architectural details, realistic lighting, atmospheric haze, and a balanced composition.",75,3303,3378,中,0.099090,0.099466,49733,66,1m 6s,8608501,8.21 MB,data/floating-city/images/079_4-5_2K_2048x2560_medium.png,"A cinematic wide-angle view of a futuristic floating city above a calm ocean at sunset, with layered glass towers, suspended gardens, small transport pods moving between buildings, people walking across transparent sky bridges, reflections shimmering on the water below, orange and violet clouds in the sky, intricate architectural details, realistic lighting, atmospheric haze, and a balanced composition.",ok,
80,4:5,2K,2048x2560,"A cinematic wide-angle view of a futuristic floating city above a calm ocean at sunset, with layered glass towers, suspended gardens, small transport pods moving between buildings, people walking across transparent sky bridges, reflections shimmering on the water below, orange and violet clouds in the sky, intricate architectural details, realistic lighting, atmospheric haze, and a balanced composition.",88,13385,13473,高,0.401550,0.401990,200995,191,3m 11s,8977126,8.56 MB,data/floating-city/images/080_4-5_2K_2048x2560_high.png,"Cinematic wide-angle view of a futuristic floating city above a calm ocean at sunset, with layered glass towers, suspended gardens, small transport pods moving between buildings, people walking across transparent sky bridges, reflections shimmering on the water below, orange and violet clouds in the sky, intricate architectural details, realistic lighting, atmospheric haze, balanced composition, highly detailed, photorealistic, expansive environment, dramatic yet serene mood",ok,
81,4:5,4K,2576x3216,"A cinematic wide-angle view of a futuristic floating city above a calm ocean at sunset, with layered glass towers, suspended gardens, small transport pods moving between buildings, people walking across transparent sky bridges, reflections shimmering on the water below, orange and violet clouds in the sky, intricate architectural details, realistic lighting, atmospheric haze, and a balanced composition.",84,4690,4774,自动,0.140700,0.141120,70560,263,4m 23s,10853214,10.35 MB,data/floating-city/images/081_4-5_4K_2576x3216_auto.png,"Cinematic wide-angle view of a futuristic floating city above a calm ocean at sunset. Layered glass towers with intricate architectural details, suspended gardens, small transport pods moving between buildings, people walking across transparent sky bridges, reflections shimmering on the water below. Orange and violet clouds in the sky, realistic lighting, atmospheric haze, balanced composition, highly detailed, photorealistic, cinematic scale.",ok,
82,4:5,4K,2576x3216,"A cinematic wide-angle view of a futuristic floating city above a calm ocean at sunset, with layered glass towers, suspended gardens, small transport pods moving between buildings, people walking across transparent sky bridges, reflections shimmering on the water below, orange and violet clouds in the sky, intricate architectural details, realistic lighting, atmospheric haze, and a balanced composition.",111,4690,4801,低,0.140700,0.141256,70628,100,1m 40s,12060861,11.50 MB,data/floating-city/images/082_4-5_4K_2576x3216_low.png,"Cinematic wide-angle view of a futuristic floating city above a calm ocean at sunset, with layered glass towers, suspended gardens, small transport pods moving between buildings, people walking across transparent sky bridges, reflections shimmering on the water below, orange and violet clouds in the sky, intricate architectural details, realistic lighting, atmospheric haze, and a balanced composition. Ultra-detailed, photorealistic, dramatic yet serene, expansive horizon, high dynamic range, subtle motion in transport pods, elegant futuristic architecture, no text, no watermark.",ok,
83,4:5,4K,2576x3216,"A cinematic wide-angle view of a futuristic floating city above a calm ocean at sunset, with layered glass towers, suspended gardens, small transport pods moving between buildings, people walking across transparent sky bridges, reflections shimmering on the water below, orange and violet clouds in the sky, intricate architectural details, realistic lighting, atmospheric haze, and a balanced composition.",104,19006,19110,中,0.570180,0.570700,285350,263,4m 23s,12120782,11.56 MB,data/floating-city/images/083_4-5_4K_2576x3216_medium.png,"Cinematic wide-angle view of a futuristic floating city above a calm ocean at sunset. Layered glass towers with intricate architectural details rise from suspended gardens and elevated platforms. Small transport pods move between buildings, and tiny people walk across transparent sky bridges. The ocean below reflects the city and the warm sunset light with shimmering highlights. Orange and violet clouds fill the sky, with realistic lighting, atmospheric haze, and a balanced, expansive composition. Ultra-detailed, photorealistic, cinematic atmosphere.",ok,
84,4:5,4K,2576x3216,"A cinematic wide-angle view of a futuristic floating city above a calm ocean at sunset, with layered glass towers, suspended gardens, small transport pods moving between buildings, people walking across transparent sky bridges, reflections shimmering on the water below, orange and violet clouds in the sky, intricate architectural details, realistic lighting, atmospheric haze, and a balanced composition.",75,4690,4765,高,0.140700,0.141076,70538,154,2m 34s,11878541,11.33 MB,data/floating-city/images/084_4-5_4K_2576x3216_high.png,"A cinematic wide-angle view of a futuristic floating city above a calm ocean at sunset, with layered glass towers, suspended gardens, small transport pods moving between buildings, people walking across transparent sky bridges, reflections shimmering on the water below, orange and violet clouds in the sky, intricate architectural details, realistic lighting, atmospheric haze, and a balanced composition.",ok,
